--
--  initiates a transaction block
--
BEGIN;
--
-- Change the definition of a table and
-- Drops the specified constraint on a table
--
ALTER TABLE "answer"
	DROP CONSTRAINT answer_question_id_fkey;

INSERT INTO "answer" ("id", "description", "question_id") VALUES
(1, 'Réponse 1', 1),
(2, 'Réponse 2', 2),
(3, 'Réponse 3', 3),
(4, 'Réponse 4', 4),
(5, 'Réponse 5', 5),
(6, 'Réponse 6', 6),
(7, 'Réponse 7', 7),
(8, 'Réponse 8', 8),
(9, 'Réponse 9', 9),
(10, 'Réponse 10', 10),
(11, 'Réponse 11', 11),
(12, 'Réponse 12', 12),
(13, 'Réponse 13', 13),
(14, 'Réponse 14', 14),
(15, 'Réponse 15', 15),
(16, 'Réponse 16', 16),
(17, 'Réponse 17', 17),
(18, 'Réponse 18', 18),
(19, 'Réponse 19', 19),
(20, 'Réponse 20', 20),
(21, 'Réponse 21', 21),
(22, 'Réponse 22', 22),
(23, 'Réponse 23', 23),
(24, 'Réponse 24', 24),
(25, 'Réponse 25', 25),
(26, 'Réponse 26', 26),
(27, 'Réponse 27', 27),
(28, 'Réponse 28', 28),
(29, 'Réponse 29', 29),
(30, 'Réponse 30', 30),
(31, 'Réponse 31', 31),
(32, 'Réponse 32', 32),
(33, 'Réponse 33', 33),
(34, 'Réponse 34', 34),
(35, 'Réponse 35', 35),
(36, 'Réponse 36', 36),
(37, 'Réponse 37', 37),
(38, 'Réponse 38', 38),
(39, 'Réponse 39', 39),
(40, 'Réponse 40', 40),
(41, 'Réponse 41', 41),
(42, 'Réponse 42', 42),
(43, 'Réponse 43', 43),
(44, 'Réponse 44', 44),
(45, 'Réponse 45', 45),
(46, 'Réponse 46', 46),
(47, 'Réponse 47', 47),
(48, 'Réponse 48', 48),
(49, 'Réponse 49', 49),
(50, 'Réponse 50', 50),
(51, 'Réponse 51', 51),
(52, 'Réponse 52', 52),
(53, 'Réponse 53', 53),
(54, 'Réponse 54', 54),
(55, 'Réponse 55', 55),
(56, 'Réponse 56', 56),
(57, 'Réponse 57', 57),
(58, 'Réponse 58', 58),
(59, 'Réponse 59', 59),
(60, 'Réponse 60', 60),
(61, 'Réponse 61', 61),
(62, 'Réponse 62', 62),
(63, 'Réponse 63', 63),
(64, 'Réponse 64', 64),
(65, 'Réponse 65', 65),
(66, 'Réponse 66', 66),
(67, 'Réponse 67', 67),
(68, 'Réponse 68', 68),
(69, 'Réponse 69', 69),
(70, 'Réponse 70', 70),
(71, 'Réponse 71', 71),
(72, 'Réponse 72', 72),
(73, 'Réponse 73', 73),
(74, 'Réponse 74', 74),
(75, 'Réponse 75', 75),
(76, 'Réponse 76', 76),
(77, 'Réponse 77', 77),
(78, 'Réponse 78', 78),
(79, 'Réponse 79', 79),
(80, 'Réponse 80', 80),
(81, 'Réponse 81', 81),
(82, 'Réponse 82', 82),
(83, 'Réponse 83', 83),
(84, 'Réponse 84', 84),
(85, 'Réponse 85', 85),
(86, 'Réponse 86', 86),
(87, 'Réponse 87', 87),
(88, 'Réponse 88', 88),
(89, 'Réponse 89', 89),
(90, 'Réponse 90', 90),
(91, 'Réponse 91', 91),
(92, 'Réponse 92', 92),
(93, 'Réponse 93', 93),
(94, 'Réponse 94', 94),
(95, 'Réponse 95', 95),
(96, 'Réponse 96', 96),
(97, 'Réponse 97', 97),
(98, 'Réponse 98', 98),
(99, 'Réponse 99', 99),
(100, 'Réponse 100', 100),
(101, 'Réponse 101', 101),
(102, 'Réponse 102', 102),
(103, 'Réponse 103', 103),
(104, 'Réponse 104', 104),
(105, 'Réponse 105', 105),
(106, 'Réponse 106', 106),
(107, 'Réponse 107', 107),
(108, 'Réponse 108', 108),
(109, 'Réponse 109', 109),
(110, 'Réponse 110', 110),
(111, 'Réponse 111', 111),
(112, 'Réponse 112', 112),
(113, 'Réponse 113', 113),
(114, 'Réponse 114', 114),
(115, 'Réponse 115', 115),
(116, 'Réponse 116', 116),
(117, 'Réponse 117', 117),
(118, 'Réponse 118', 118),
(119, 'Réponse 119', 119),
(120, 'Réponse 120', 120),
(121, 'Réponse 121', 121),
(122, 'Réponse 122', 122),
(123, 'Réponse 123', 123),
(124, 'Réponse 124', 124),
(125, 'Réponse 125', 125),
(126, 'Réponse 126', 126),
(127, 'Réponse 127', 127),
(128, 'Réponse 128', 128),
(129, 'Réponse 129', 129),
(130, 'Réponse 130', 130),
(131, 'Réponse 131', 131),
(132, 'Réponse 132', 132),
(133, 'Réponse 133', 133),
(134, 'Réponse 134', 134),
(135, 'Réponse 135', 135),
(136, 'Réponse 136', 136),
(137, 'Réponse 137', 137),
(138, 'Réponse 138', 138),
(139, 'Réponse 139', 139),
(140, 'Réponse 140', 140),
(141, 'Réponse 141', 141),
(142, 'Réponse 142', 142),
(143, 'Réponse 143', 143),
(144, 'Réponse 144', 144),
(145, 'Réponse 145', 145),
(146, 'Réponse 146', 146),
(147, 'Réponse 147', 147),
(148, 'Réponse 148', 148),
(149, 'Réponse 149', 149),
(150, 'Réponse 150', 150),
(151, 'Réponse 151', 151),
(152, 'Réponse 152', 152),
(153, 'Réponse 153', 153),
(154, 'Réponse 154', 154),
(155, 'Réponse 155', 155),
(156, 'Réponse 156', 156),
(157, 'Réponse 157', 157),
(158, 'Réponse 158', 158),
(159, 'Réponse 159', 159),
(160, 'Réponse 160', 160),
(161, 'Réponse 161', 161),
(162, 'Réponse 162', 162),
(163, 'Réponse 163', 163),
(164, 'Réponse 164', 164),
(165, 'Réponse 165', 165),
(166, 'Réponse 166', 166),
(167, 'Réponse 167', 167),
(168, 'Réponse 168', 168),
(169, 'Réponse 169', 169),
(170, 'Réponse 170', 170),
(171, 'Réponse 171', 171),
(172, 'Réponse 172', 172),
(173, 'Réponse 173', 173),
(174, 'Réponse 174', 174),
(175, 'Réponse 175', 175),
(176, 'Réponse 176', 176),
(177, 'Réponse 177', 177),
(178, 'Réponse 178', 178),
(179, 'Réponse 179', 179),
(180, 'Réponse 180', 180),
(265, 'Réponse 181', 1),
(266, 'Réponse 182', 2),
(267, 'Réponse 183', 3),
(268, 'Réponse 184', 4),
(269, 'Réponse 185', 5),
(270, 'Réponse 186', 6),
(271, 'Réponse 187', 7),
(272, 'Réponse 188', 8),
(273, 'Réponse 189', 9),
(274, 'Réponse 190', 10),
(275, 'Réponse 191', 11),
(276, 'Réponse 192', 12),
(277, 'Réponse 193', 13),
(278, 'Réponse 194', 14),
(279, 'Réponse 195', 15),
(280, 'Réponse 196', 16),
(281, 'Réponse 197', 17),
(282, 'Réponse 198', 18),
(283, 'Réponse 199', 19),
(284, 'Réponse 200', 20),
(285, 'Réponse 201', 21),
(286, 'Réponse 202', 22),
(287, 'Réponse 203', 23),
(288, 'Réponse 204', 24),
(289, 'Réponse 205', 25),
(290, 'Réponse 206', 26),
(291, 'Réponse 207', 27),
(292, 'Réponse 208', 28),
(293, 'Réponse 209', 29),
(294, 'Réponse 210', 30),
(295, 'Réponse 211', 31),
(296, 'Réponse 212', 32),
(297, 'Réponse 213', 33),
(298, 'Réponse 214', 34),
(299, 'Réponse 215', 35),
(300, 'Réponse 216', 36),
(301, 'Réponse 217', 37),
(302, 'Réponse 218', 38),
(303, 'Réponse 219', 39),
(304, 'Réponse 220', 40),
(305, 'Réponse 221', 41),
(306, 'Réponse 222', 42),
(307, 'Réponse 223', 43),
(308, 'Réponse 224', 44),
(309, 'Réponse 225', 45),
(310, 'Réponse 226', 46),
(311, 'Réponse 227', 47),
(312, 'Réponse 228', 48),
(313, 'Réponse 229', 49),
(314, 'Réponse 230', 50),
(315, 'Réponse 231', 51),
(316, 'Réponse 232', 52),
(317, 'Réponse 233', 53),
(318, 'Réponse 234', 54),
(319, 'Réponse 235', 55),
(320, 'Réponse 236', 56),
(321, 'Réponse 237', 57),
(322, 'Réponse 238', 58),
(323, 'Réponse 239', 59),
(324, 'Réponse 240', 60),
(325, 'Réponse 241', 61),
(326, 'Réponse 242', 62),
(327, 'Réponse 243', 63),
(328, 'Réponse 244', 64),
(329, 'Réponse 245', 65),
(330, 'Réponse 246', 66),
(331, 'Réponse 247', 67),
(332, 'Réponse 248', 68),
(333, 'Réponse 249', 69),
(334, 'Réponse 250', 70),
(335, 'Réponse 251', 71),
(336, 'Réponse 252', 72),
(337, 'Réponse 253', 73),
(338, 'Réponse 254', 74),
(339, 'Réponse 255', 75),
(340, 'Réponse 256', 76),
(341, 'Réponse 257', 77),
(342, 'Réponse 258', 78),
(343, 'Réponse 259', 79),
(344, 'Réponse 260', 80),
(345, 'Réponse 261', 81),
(346, 'Réponse 262', 82),
(347, 'Réponse 263', 83),
(348, 'Réponse 264', 84),
(349, 'Réponse 265', 85),
(350, 'Réponse 266', 86),
(351, 'Réponse 267', 87),
(352, 'Réponse 268', 88),
(353, 'Réponse 269', 89),
(354, 'Réponse 270', 90),
(355, 'Réponse 271', 91),
(356, 'Réponse 272', 92),
(357, 'Réponse 273', 93),
(358, 'Réponse 274', 94),
(359, 'Réponse 275', 95),
(360, 'Réponse 276', 96),
(361, 'Réponse 277', 97),
(362, 'Réponse 278', 98),
(363, 'Réponse 279', 99),
(364, 'Réponse 280', 100),
(365, 'Réponse 281', 101),
(366, 'Réponse 282', 102),
(367, 'Réponse 283', 103),
(368, 'Réponse 284', 104),
(369, 'Réponse 285', 105),
(370, 'Réponse 286', 106),
(371, 'Réponse 287', 107),
(372, 'Réponse 288', 108),
(373, 'Réponse 289', 109),
(374, 'Réponse 290', 110),
(375, 'Réponse 291', 111),
(376, 'Réponse 292', 112),
(377, 'Réponse 293', 113),
(378, 'Réponse 294', 114),
(379, 'Réponse 295', 115),
(380, 'Réponse 296', 116),
(381, 'Réponse 297', 117),
(382, 'Réponse 298', 118),
(383, 'Réponse 299', 119),
(384, 'Réponse 300', 120),
(385, 'Réponse 301', 121),
(386, 'Réponse 302', 122),
(387, 'Réponse 303', 123),
(388, 'Réponse 304', 124),
(389, 'Réponse 305', 125),
(390, 'Réponse 306', 126),
(391, 'Réponse 307', 127),
(392, 'Réponse 308', 128),
(393, 'Réponse 309', 129),
(394, 'Réponse 310', 130),
(395, 'Réponse 311', 131),
(396, 'Réponse 312', 132),
(397, 'Réponse 313', 133),
(398, 'Réponse 314', 134),
(399, 'Réponse 315', 135),
(400, 'Réponse 316', 136),
(401, 'Réponse 317', 137),
(402, 'Réponse 318', 138),
(403, 'Réponse 319', 139),
(404, 'Réponse 320', 140),
(405, 'Réponse 321', 141),
(406, 'Réponse 322', 142),
(407, 'Réponse 323', 143),
(408, 'Réponse 324', 144),
(409, 'Réponse 325', 145),
(410, 'Réponse 326', 146),
(411, 'Réponse 327', 147),
(412, 'Réponse 328', 148),
(413, 'Réponse 329', 149),
(414, 'Réponse 330', 150),
(415, 'Réponse 331', 151),
(416, 'Réponse 332', 152),
(417, 'Réponse 333', 153),
(418, 'Réponse 334', 154),
(419, 'Réponse 335', 155),
(420, 'Réponse 336', 156),
(421, 'Réponse 337', 157),
(422, 'Réponse 338', 158),
(423, 'Réponse 339', 159),
(424, 'Réponse 340', 160),
(425, 'Réponse 341', 161),
(426, 'Réponse 342', 162),
(427, 'Réponse 343', 163),
(428, 'Réponse 344', 164),
(429, 'Réponse 345', 165),
(430, 'Réponse 346', 166),
(431, 'Réponse 347', 167),
(432, 'Réponse 348', 168),
(433, 'Réponse 349', 169),
(434, 'Réponse 350', 170),
(435, 'Réponse 351', 171),
(436, 'Réponse 352', 172),
(437, 'Réponse 353', 173),
(438, 'Réponse 354', 174),
(439, 'Réponse 355', 175),
(440, 'Réponse 356', 176),
(441, 'Réponse 357', 177),
(442, 'Réponse 358', 178),
(443, 'Réponse 359', 179),
(444, 'Réponse 360', 180),
(520, 'Réponse 361', 1),
(521, 'Réponse 362', 2),
(522, 'Réponse 363', 3),
(523, 'Réponse 364', 4),
(524, 'Réponse 365', 5),
(525, 'Réponse 366', 6),
(526, 'Réponse 367', 7),
(527, 'Réponse 368', 8),
(528, 'Réponse 369', 9),
(529, 'Réponse 370', 10),
(530, 'Réponse 371', 11),
(531, 'Réponse 372', 12),
(532, 'Réponse 373', 13),
(533, 'Réponse 374', 14),
(534, 'Réponse 375', 15),
(535, 'Réponse 376', 16),
(536, 'Réponse 377', 17),
(537, 'Réponse 378', 18),
(538, 'Réponse 379', 19),
(539, 'Réponse 380', 20),
(540, 'Réponse 381', 21),
(541, 'Réponse 382', 22),
(542, 'Réponse 383', 23),
(543, 'Réponse 384', 24),
(544, 'Réponse 385', 25),
(545, 'Réponse 386', 26),
(546, 'Réponse 387', 27),
(547, 'Réponse 388', 28),
(548, 'Réponse 389', 29),
(549, 'Réponse 390', 30),
(550, 'Réponse 391', 31),
(551, 'Réponse 392', 32),
(552, 'Réponse 393', 33),
(553, 'Réponse 394', 34),
(554, 'Réponse 395', 35),
(555, 'Réponse 396', 36),
(556, 'Réponse 397', 37),
(557, 'Réponse 398', 38),
(558, 'Réponse 399', 39),
(559, 'Réponse 400', 40),
(560, 'Réponse 401', 41),
(561, 'Réponse 402', 42),
(562, 'Réponse 403', 43),
(563, 'Réponse 404', 44),
(564, 'Réponse 405', 45),
(565, 'Réponse 406', 46),
(566, 'Réponse 407', 47),
(567, 'Réponse 408', 48),
(568, 'Réponse 409', 49),
(569, 'Réponse 410', 50),
(570, 'Réponse 411', 51),
(571, 'Réponse 412', 52),
(572, 'Réponse 413', 53),
(573, 'Réponse 414', 54),
(574, 'Réponse 415', 55),
(575, 'Réponse 416', 56),
(576, 'Réponse 417', 57),
(577, 'Réponse 418', 58),
(578, 'Réponse 419', 59),
(579, 'Réponse 420', 60),
(580, 'Réponse 421', 61),
(581, 'Réponse 422', 62),
(582, 'Réponse 423', 63),
(583, 'Réponse 424', 64),
(584, 'Réponse 425', 65),
(585, 'Réponse 426', 66),
(586, 'Réponse 427', 67),
(587, 'Réponse 428', 68),
(588, 'Réponse 429', 69),
(589, 'Réponse 430', 70),
(590, 'Réponse 431', 71),
(591, 'Réponse 432', 72),
(592, 'Réponse 433', 73),
(593, 'Réponse 434', 74),
(594, 'Réponse 435', 75),
(595, 'Réponse 436', 76),
(596, 'Réponse 437', 77),
(597, 'Réponse 438', 78),
(598, 'Réponse 439', 79),
(599, 'Réponse 440', 80),
(600, 'Réponse 441', 81),
(601, 'Réponse 442', 82),
(602, 'Réponse 443', 83),
(603, 'Réponse 444', 84),
(604, 'Réponse 445', 85),
(605, 'Réponse 446', 86),
(606, 'Réponse 447', 87),
(607, 'Réponse 448', 88),
(608, 'Réponse 449', 89),
(609, 'Réponse 450', 90),
(610, 'Réponse 451', 91),
(611, 'Réponse 452', 92),
(612, 'Réponse 453', 93),
(613, 'Réponse 454', 94),
(614, 'Réponse 455', 95),
(615, 'Réponse 456', 96),
(616, 'Réponse 457', 97),
(617, 'Réponse 458', 98),
(618, 'Réponse 459', 99),
(619, 'Réponse 460', 100),
(620, 'Réponse 461', 101),
(621, 'Réponse 462', 102),
(622, 'Réponse 463', 103),
(623, 'Réponse 464', 104),
(624, 'Réponse 465', 105),
(625, 'Réponse 466', 106),
(626, 'Réponse 467', 107),
(627, 'Réponse 468', 108),
(628, 'Réponse 469', 109),
(629, 'Réponse 470', 110),
(630, 'Réponse 471', 111),
(631, 'Réponse 472', 112),
(632, 'Réponse 473', 113),
(633, 'Réponse 474', 114),
(634, 'Réponse 475', 115),
(635, 'Réponse 476', 116),
(636, 'Réponse 477', 117),
(637, 'Réponse 478', 118),
(638, 'Réponse 479', 119),
(639, 'Réponse 480', 120),
(640, 'Réponse 481', 121),
(641, 'Réponse 482', 122),
(642, 'Réponse 483', 123),
(643, 'Réponse 484', 124),
(644, 'Réponse 485', 125),
(645, 'Réponse 486', 126),
(646, 'Réponse 487', 127),
(647, 'Réponse 488', 128),
(648, 'Réponse 489', 129),
(649, 'Réponse 490', 130),
(650, 'Réponse 491', 131),
(651, 'Réponse 492', 132),
(652, 'Réponse 493', 133),
(653, 'Réponse 494', 134),
(654, 'Réponse 495', 135),
(655, 'Réponse 496', 136),
(656, 'Réponse 497', 137),
(657, 'Réponse 498', 138),
(658, 'Réponse 499', 139),
(659, 'Réponse 500', 140),
(660, 'Réponse 501', 141),
(661, 'Réponse 502', 142),
(662, 'Réponse 503', 143),
(663, 'Réponse 504', 144),
(664, 'Réponse 505', 145),
(665, 'Réponse 506', 146),
(666, 'Réponse 507', 147),
(667, 'Réponse 508', 148),
(668, 'Réponse 509', 149),
(669, 'Réponse 510', 150),
(670, 'Réponse 511', 151),
(671, 'Réponse 512', 152),
(672, 'Réponse 513', 153),
(673, 'Réponse 514', 154),
(674, 'Réponse 515', 155),
(675, 'Réponse 516', 156),
(676, 'Réponse 517', 157),
(677, 'Réponse 518', 158),
(678, 'Réponse 519', 159),
(679, 'Réponse 520', 160),
(680, 'Réponse 521', 161),
(681, 'Réponse 522', 162),
(682, 'Réponse 523', 163),
(683, 'Réponse 524', 164),
(684, 'Réponse 525', 165),
(685, 'Réponse 526', 166),
(686, 'Réponse 527', 167),
(687, 'Réponse 528', 168),
(688, 'Réponse 529', 169),
(689, 'Réponse 530', 170),
(690, 'Réponse 531', 171),
(691, 'Réponse 532', 172),
(692, 'Réponse 533', 173),
(693, 'Réponse 534', 174),
(694, 'Réponse 535', 175),
(695, 'Réponse 536', 176),
(696, 'Réponse 537', 177),
(697, 'Réponse 538', 178),
(698, 'Réponse 539', 179),
(699, 'Réponse 540', 180),
(775, 'Réponse 541', 1),
(776, 'Réponse 542', 2),
(777, 'Réponse 543', 3),
(778, 'Réponse 544', 4),
(779, 'Réponse 545', 5),
(780, 'Réponse 546', 6),
(781, 'Réponse 547', 7),
(782, 'Réponse 548', 8),
(783, 'Réponse 549', 9),
(784, 'Réponse 550', 10),
(785, 'Réponse 551', 11),
(786, 'Réponse 552', 12),
(787, 'Réponse 553', 13),
(788, 'Réponse 554', 14),
(789, 'Réponse 555', 15),
(790, 'Réponse 556', 16),
(791, 'Réponse 557', 17),
(792, 'Réponse 558', 18),
(793, 'Réponse 559', 19),
(794, 'Réponse 560', 20),
(795, 'Réponse 561', 21),
(796, 'Réponse 562', 22),
(797, 'Réponse 563', 23),
(798, 'Réponse 564', 24),
(799, 'Réponse 565', 25),
(800, 'Réponse 566', 26),
(801, 'Réponse 567', 27),
(802, 'Réponse 568', 28),
(803, 'Réponse 569', 29),
(804, 'Réponse 570', 30),
(805, 'Réponse 571', 31),
(806, 'Réponse 572', 32),
(807, 'Réponse 573', 33),
(808, 'Réponse 574', 34),
(809, 'Réponse 575', 35),
(810, 'Réponse 576', 36),
(811, 'Réponse 577', 37),
(812, 'Réponse 578', 38),
(813, 'Réponse 579', 39),
(814, 'Réponse 580', 40),
(815, 'Réponse 581', 41),
(816, 'Réponse 582', 42),
(817, 'Réponse 583', 43),
(818, 'Réponse 584', 44),
(819, 'Réponse 585', 45),
(820, 'Réponse 586', 46),
(821, 'Réponse 587', 47),
(822, 'Réponse 588', 48),
(823, 'Réponse 589', 49),
(824, 'Réponse 590', 50),
(825, 'Réponse 591', 51),
(826, 'Réponse 592', 52),
(827, 'Réponse 593', 53),
(828, 'Réponse 594', 54),
(829, 'Réponse 595', 55),
(830, 'Réponse 596', 56),
(831, 'Réponse 597', 57),
(832, 'Réponse 598', 58),
(833, 'Réponse 599', 59),
(834, 'Réponse 600', 60),
(835, 'Réponse 601', 61),
(836, 'Réponse 602', 62),
(837, 'Réponse 603', 63),
(838, 'Réponse 604', 64),
(839, 'Réponse 605', 65),
(840, 'Réponse 606', 66),
(841, 'Réponse 607', 67),
(842, 'Réponse 608', 68),
(843, 'Réponse 609', 69),
(844, 'Réponse 610', 70),
(845, 'Réponse 611', 71),
(846, 'Réponse 612', 72),
(847, 'Réponse 613', 73),
(848, 'Réponse 614', 74),
(849, 'Réponse 615', 75),
(850, 'Réponse 616', 76),
(851, 'Réponse 617', 77),
(852, 'Réponse 618', 78),
(853, 'Réponse 619', 79),
(854, 'Réponse 620', 80),
(855, 'Réponse 621', 81),
(856, 'Réponse 622', 82),
(857, 'Réponse 623', 83),
(858, 'Réponse 624', 84),
(859, 'Réponse 625', 85),
(860, 'Réponse 626', 86),
(861, 'Réponse 627', 87),
(862, 'Réponse 628', 88),
(863, 'Réponse 629', 89),
(864, 'Réponse 630', 90),
(865, 'Réponse 631', 91),
(866, 'Réponse 632', 92),
(867, 'Réponse 633', 93),
(868, 'Réponse 634', 94),
(869, 'Réponse 635', 95),
(870, 'Réponse 636', 96),
(871, 'Réponse 637', 97),
(872, 'Réponse 638', 98),
(873, 'Réponse 639', 99),
(874, 'Réponse 640', 100),
(875, 'Réponse 641', 101),
(876, 'Réponse 642', 102),
(877, 'Réponse 643', 103),
(878, 'Réponse 644', 104),
(879, 'Réponse 645', 105),
(880, 'Réponse 646', 106),
(881, 'Réponse 647', 107),
(882, 'Réponse 648', 108),
(883, 'Réponse 649', 109),
(884, 'Réponse 650', 110),
(885, 'Réponse 651', 111),
(886, 'Réponse 652', 112),
(887, 'Réponse 653', 113),
(888, 'Réponse 654', 114),
(889, 'Réponse 655', 115),
(890, 'Réponse 656', 116),
(891, 'Réponse 657', 117),
(892, 'Réponse 658', 118),
(893, 'Réponse 659', 119),
(894, 'Réponse 660', 120),
(895, 'Réponse 661', 121),
(896, 'Réponse 662', 122),
(897, 'Réponse 663', 123),
(898, 'Réponse 664', 124),
(899, 'Réponse 665', 125),
(900, 'Réponse 666', 126),
(901, 'Réponse 667', 127),
(902, 'Réponse 668', 128),
(903, 'Réponse 669', 129),
(904, 'Réponse 670', 130),
(905, 'Réponse 671', 131),
(906, 'Réponse 672', 132),
(907, 'Réponse 673', 133),
(908, 'Réponse 674', 134),
(909, 'Réponse 675', 135),
(910, 'Réponse 676', 136),
(911, 'Réponse 677', 137),
(912, 'Réponse 678', 138),
(913, 'Réponse 679', 139),
(914, 'Réponse 680', 140),
(915, 'Réponse 681', 141),
(916, 'Réponse 682', 142),
(917, 'Réponse 683', 143),
(918, 'Réponse 684', 144),
(919, 'Réponse 685', 145),
(920, 'Réponse 686', 146),
(921, 'Réponse 687', 147),
(922, 'Réponse 688', 148),
(923, 'Réponse 689', 149),
(924, 'Réponse 690', 150),
(925, 'Réponse 691', 151),
(926, 'Réponse 692', 152),
(927, 'Réponse 693', 153),
(928, 'Réponse 694', 154),
(929, 'Réponse 695', 155),
(930, 'Réponse 696', 156),
(931, 'Réponse 697', 157),
(932, 'Réponse 698', 158),
(933, 'Réponse 699', 159),
(934, 'Réponse 700', 160);
INSERT INTO "answer" ("id", "description", "question_id") VALUES
(935, 'Réponse 701', 161),
(936, 'Réponse 702', 162),
(937, 'Réponse 703', 163),
(938, 'Réponse 704', 164),
(939, 'Réponse 705', 165),
(940, 'Réponse 706', 166),
(941, 'Réponse 707', 167),
(942, 'Réponse 708', 168),
(943, 'Réponse 709', 169),
(944, 'Réponse 710', 170),
(945, 'Réponse 711', 171),
(946, 'Réponse 712', 172),
(947, 'Réponse 713', 173),
(948, 'Réponse 714', 174),
(949, 'Réponse 715', 175),
(950, 'Réponse 716', 176),
(951, 'Réponse 717', 177),
(952, 'Réponse 718', 178),
(953, 'Réponse 719', 179),
(954, 'Réponse 720', 180);

INSERT INTO "user" ("id", "first_name", "last_name", "email", "password","role") VALUES
(1, 'Philippe', 'Candille', 'philippe@oclock.io', '$2b$10$7vwYGrz2TGeyG4X8YnD9BOag9I.YKGUTJELs64qGmcK/syHu2BzTG','admin'),
(3, 'Chuck', 'Norris', 'chuck@oclock.io', '$2b$10$7vwYGrz2TGeyG4X8YnD9BOag9I.YKGUTJELs64qGmcK/syHu2BzTG','admin');

INSERT INTO "level" ("id", "name") VALUES
(1, 'Débutant'),
(2, 'Confirmé'),
(3, 'Expert');

INSERT INTO "quiz" ("id", "title", "description", "user_id") VALUES
(1,  'title of Quiz 1', 'description of Quiz 1',  1),
(2,  'title of Quiz 2', 'description of Quiz 2',  1),
(3,  'title of Quiz 3', 'description of Quiz 3',  1),
(4,  'title of Quiz 4', 'description of Quiz 4',  1),
(5,  'title of Quiz 5', 'description of Quiz 5',  3),
(6,  'title of Quiz 6', 'description of Quiz 6',  3),
(7,  'title of Quiz 7', 'description of Quiz 7',  1),
(8,  'title of Quiz 8', 'description of Quiz 8',  1),
(9,  'title of Quiz 9', 'description of Quiz 9',  3),
(10, 'title of Quiz 10','description of Quiz 10',  1),
(11, 'title of Quiz 11','description of Quiz 11',  3),
(12, 'title of Quiz 12','description of Quiz 12',  3),
(13, 'title of Quiz 13','description of Quiz 13',  1),
(14, 'title of Quiz 14','description of Quiz 14',  1),
(15, 'title of Quiz 15','description of Quiz 15',  3),
(16, 'title of Quiz 16','description of Quiz 16',  3),
(17, 'title of Quiz 17','description of Quiz 17',  3),
(18, 'title of Quiz 18','description of Quiz 18',  3);

INSERT INTO "question" ("id", "quiz_id", "question", "level_id", "anecdote", "wiki", "answer_id") VALUES
(  1,  1, 'Question 1',   1, 'anecdote', 'wiki', 1),
(  2,  7, 'Question 2',   1, 'anecdote', 'wiki', 2),
(  3,  8, 'Question 3',   1, 'anecdote', 'wiki', 3),
(  4,  1, 'Question 4',   1, 'anecdote', 'wiki', 4),
(  5,  7, 'Question 5',   1, 'anecdote', 'wiki', 5),
(  6,  8, 'Question 6',   1, 'anecdote', 'wiki', 6),
(  7,  1, 'Question 7',   1, 'anecdote', 'wiki', 7),
(  8,  7, 'Question 8',   1, 'anecdote', 'wiki', 8),
(  9,  8, 'Question 9',   1, 'anecdote', 'wiki', 9),
( 10,  1, 'Question 10',  1, 'anecdote', 'wiki', 10),
( 11,  7, 'Question 11',  1, 'anecdote', 'wiki', 11),
( 12,  8, 'Question 12',  1, 'anecdote', 'wiki', 12),
( 13,  1, 'Question 13',  1, 'anecdote', 'wiki', 13),
( 14,  7, 'Question 14',  1, 'anecdote', 'wiki', 14),
( 15,  8, 'Question 15',  2, 'anecdote', 'wiki', 15),
( 16,  1, 'Question 16',  2, 'anecdote', 'wiki', 16),
( 17,  7, 'Question 17',  2, 'anecdote', 'wiki', 17),
( 18,  8, 'Question 18',  2, 'anecdote', 'wiki', 18),
( 19,  1, 'Question 19',  2, 'anecdote', 'wiki', 19),
( 20,  7, 'Question 20',  2, 'anecdote', 'wiki', 20),
( 21,  8, 'Question 21',  2, 'anecdote', 'wiki', 21),
( 22,  1, 'Question 22',  2, 'anecdote', 'wiki', 22),
( 23,  7, 'Question 23',  3, 'anecdote', 'wiki', 23),
( 24,  8, 'Question 24',  3, 'anecdote', 'wiki', 24),
( 25,  1, 'Question 25',  3, 'anecdote', 'wiki', 25),
( 26,  7, 'Question 26',  3, 'anecdote', 'wiki', 26),
( 27,  8, 'Question 27',  3, 'anecdote', 'wiki', 27),
( 28,  1, 'Question 28',  3, 'anecdote', 'wiki', 28),
( 29,  7, 'Question 29',  3, 'anecdote', 'wiki', 29),
( 30,  8, 'Question 30',  3, 'anecdote', 'wiki', 30),
( 31,  2, 'Question 31',  3, 'anecdote', 'wiki', 31),
( 32,  9, 'Question 32',  3, 'anecdote', 'wiki', 32),
( 33, 10, 'Question 33',  1, 'anecdote', 'wiki', 33),
( 34,  2, 'Question 34',  1, 'anecdote', 'wiki', 34),
( 35,  9, 'Question 35',  1, 'anecdote', 'wiki', 35),
( 36, 10, 'Question 36',  1, 'anecdote', 'wiki', 36),
( 37,  2, 'Question 37',  1, 'anecdote', 'wiki', 37),
( 38,  9, 'Question 38',  1, 'anecdote', 'wiki', 38),
( 39, 10, 'Question 39',  1, 'anecdote', 'wiki', 39),
( 40,  2, 'Question 40',  1, 'anecdote', 'wiki', 40),
( 41,  9, 'Question 41',  1, 'anecdote', 'wiki', 41),
( 42, 10, 'Question 42',  2, 'anecdote', 'wiki', 42),
( 43,  2, 'Question 43',  2, 'anecdote', 'wiki', 43),
( 44,  9, 'Question 44',  2, 'anecdote', 'wiki', 44),
( 45,  9, 'Question 45',  2, 'anecdote', 'wiki', 45),
( 46,  2, 'Question 46',  2, 'anecdote', 'wiki', 46),
( 47,  9, 'Question 47',  2, 'anecdote', 'wiki', 47),
( 48,  9, 'Question 48',  2, 'anecdote', 'wiki', 48),
( 49,  2, 'Question 49',  2, 'anecdote', 'wiki', 49),
( 50,  9, 'Question 50',  1, 'anecdote', 'wiki', 50),
( 51, 10, 'Question 51',  1, 'anecdote', 'wiki', 51),
( 52,  2, 'Question 52',  3, 'anecdote', 'wiki', 52),
( 53,  9, 'Question 53',  3, 'anecdote', 'wiki', 53),
( 54, 10, 'Question 54',  3, 'anecdote', 'wiki', 54),
( 55,  2, 'Question 55',  1, 'anecdote', 'wiki', 55),
( 56,  9, 'Question 56',  1, 'anecdote', 'wiki', 56),
( 57, 10, 'Question 57',  1, 'anecdote', 'wiki', 57),
( 58,  2, 'Question 58',  1, 'anecdote', 'wiki', 58),
( 59,  9, 'Question 59',  1, 'anecdote', 'wiki', 59),
( 60, 10, 'Question 60',  2, 'anecdote', 'wiki', 60),
( 61,  3, 'Question 61',  2, 'anecdote', 'wiki', 61),
( 62, 11, 'Question 62',  2, 'anecdote', 'wiki', 62),
( 63, 12, 'Question 63',  2, 'anecdote', 'wiki', 63),
( 64,  3, 'Question 64',  2, 'anecdote', 'wiki', 64),
( 65, 12, 'Question 65',  2, 'anecdote', 'wiki', 65),
( 66, 12, 'Question 66',  2, 'anecdote', 'wiki', 66),
( 67,  3, 'Question 67',  2, 'anecdote', 'wiki', 67),
( 68, 11, 'Question 68',  2, 'anecdote', 'wiki', 68),
( 69, 12, 'Question 69',  2, 'anecdote', 'wiki', 69),
( 70,  3, 'Question 70',  2, 'anecdote', 'wiki', 70),
( 71, 11, 'Question 71',  2, 'anecdote', 'wiki', 71),
( 72, 12, 'Question 72',  2, 'anecdote', 'wiki', 72),
( 73, 11, 'Question 73',  2, 'anecdote', 'wiki', 73),
( 74,  3, 'Question 74',  2, 'anecdote', 'wiki', 74),
( 75,  3, 'Question 75',  2, 'anecdote', 'wiki', 75),
( 76, 11, 'Question 76',  2, 'anecdote', 'wiki', 76),
( 77, 11, 'Question 77',  2, 'anecdote', 'wiki', 77),
( 78, 12, 'Question 78',  2, 'anecdote', 'wiki', 78),
( 79, 12, 'Question 79',  2, 'anecdote', 'wiki', 79),
( 80, 11, 'Question 80',  2, 'anecdote', 'wiki', 80),
( 81, 12, 'Question 81',  2, 'anecdote', 'wiki', 81),
( 82,  3, 'Question 82',  2, 'anecdote', 'wiki', 82),
( 83,  3, 'Question 83',  2, 'anecdote', 'wiki', 83),
( 84,  3, 'Question 84',  3, 'anecdote', 'wiki', 84),
( 85,  3, 'Question 85',  3, 'anecdote', 'wiki', 85),
( 86, 11, 'Question 86',  3, 'anecdote', 'wiki', 86),
( 87, 11, 'Question 87',  3, 'anecdote', 'wiki', 87),
( 88, 11, 'Question 88',  3, 'anecdote', 'wiki', 88),
( 89, 12, 'Question 89',  3, 'anecdote', 'wiki', 89),
( 90, 12, 'Question 90',  3, 'anecdote', 'wiki', 90),
( 91,  4, 'Question 91',  3, 'anecdote', 'wiki', 91),
( 92,  4, 'Question 92',  3, 'anecdote', 'wiki', 92),
( 93,  4, 'Question 93',  3, 'anecdote', 'wiki', 93),
( 94, 13, 'Question 94',  3, 'anecdote', 'wiki', 94),
( 95, 13, 'Question 95',  3, 'anecdote', 'wiki', 95),
( 96, 13, 'Question 96',  3, 'anecdote', 'wiki', 96),
( 97, 14, 'Question 97',  3, 'anecdote', 'wiki', 97),
( 98, 14, 'Question 98',  3, 'anecdote', 'wiki', 98),
( 99, 14, 'Question 99',  3, 'anecdote', 'wiki', 99),
(100,  4, 'Question 100', 1, 'anecdote', 'wiki', 100),
(101,  4, 'Question 101', 1, 'anecdote', 'wiki', 101),
(102,  4, 'Question 102', 1, 'anecdote', 'wiki', 102),
(103,  4, 'Question 103', 1, 'anecdote', 'wiki', 103),
(104, 13, 'Question 104', 1, 'anecdote', 'wiki', 104),
(105, 13, 'Question 105', 1, 'anecdote', 'wiki', 105),
(106, 13, 'Question 106', 1, 'anecdote', 'wiki', 106),
(107, 13, 'Question 107', 1, 'anecdote', 'wiki', 107),
(108, 14, 'Question 108', 1, 'anecdote', 'wiki', 108),
(109, 14, 'Question 109', 1, 'anecdote', 'wiki', 109),
(110, 14, 'Question 110', 1, 'anecdote', 'wiki', 110),
(111,  4, 'Question 111', 1, 'anecdote', 'wiki', 111),
(112,  4, 'Question 112', 2, 'anecdote', 'wiki', 112),
(113,  4, 'Question 113', 2, 'anecdote', 'wiki', 113),
(114, 13, 'Question 114', 2, 'anecdote', 'wiki', 114),
(115, 13, 'Question 115', 2, 'anecdote', 'wiki', 115),
(116, 13, 'Question 116', 2, 'anecdote', 'wiki', 116),
(117, 14, 'Question 117', 2, 'anecdote', 'wiki', 117),
(118, 14, 'Question 118', 2, 'anecdote', 'wiki', 118),
(119, 14, 'Question 119', 2, 'anecdote', 'wiki', 119),
(120, 14, 'Question 120', 2, 'anecdote', 'wiki', 120),
(121,  5, 'Question 121', 2, 'anecdote', 'wiki', 121),
(122, 15, 'Question 122', 2, 'anecdote', 'wiki', 122),
(123,  5, 'Question 123', 2, 'anecdote', 'wiki', 123),
(124, 15, 'Question 124', 2, 'anecdote', 'wiki', 124),
(125,  5, 'Question 125', 3, 'anecdote', 'wiki', 125),
(126, 15, 'Question 126', 3, 'anecdote', 'wiki', 126),
(127,  5, 'Question 127', 3, 'anecdote', 'wiki', 127),
(128, 16, 'Question 128', 3, 'anecdote', 'wiki', 128),
(129, 16, 'Question 129', 3, 'anecdote', 'wiki', 129),
(130, 16, 'Question 130', 3, 'anecdote', 'wiki', 130),
(131,  5, 'Question 131', 3, 'anecdote', 'wiki', 131),
(132, 15, 'Question 132', 3, 'anecdote', 'wiki', 132),
(133, 15, 'Question 133', 3, 'anecdote', 'wiki', 133),
(134,  5, 'Question 134', 3, 'anecdote', 'wiki', 134),
(135, 16, 'Question 135', 3, 'anecdote', 'wiki', 135),
(136, 16, 'Question 136', 3, 'anecdote', 'wiki', 136),
(137, 15, 'Question 137', 1, 'anecdote', 'wiki', 137),
(138, 16, 'Question 138', 1, 'anecdote', 'wiki', 138),
(139, 15, 'Question 139', 1, 'anecdote', 'wiki', 139),
(140,  5, 'Question 140', 1, 'anecdote', 'wiki', 140),
(141, 15, 'Question 141', 1, 'anecdote', 'wiki', 141),
(142, 15, 'Question 142', 1, 'anecdote', 'wiki', 142),
(143, 15, 'Question 143', 1, 'anecdote', 'wiki', 143),
(144,  5, 'Question 144', 1, 'anecdote', 'wiki', 144),
(145,  5, 'Question 145', 1, 'anecdote', 'wiki', 145),
(146, 16, 'Question 146', 1, 'anecdote', 'wiki', 146),
(147, 16, 'Question 147', 1, 'anecdote', 'wiki', 147),
(148, 16, 'Question 148', 1, 'anecdote', 'wiki', 148),
(149,  5, 'Question 149', 1, 'anecdote', 'wiki', 149),
(150, 16, 'Question 150', 1, 'anecdote', 'wiki', 150),
(151,  6, 'Question 151', 1, 'anecdote', 'wiki', 151),
(152,  6, 'Question 152', 1, 'anecdote', 'wiki', 152),
(153,  6, 'Question 153', 1, 'anecdote', 'wiki', 153),
(154, 17, 'Question 154', 2, 'anecdote', 'wiki', 154),
(155, 17, 'Question 155', 2, 'anecdote', 'wiki', 155),
(156, 17, 'Question 156', 2, 'anecdote', 'wiki', 156),
(157, 18, 'Question 157', 2, 'anecdote', 'wiki', 157),
(158, 18, 'Question 158', 2, 'anecdote', 'wiki', 158),
(159,  6, 'Question 159', 2, 'anecdote', 'wiki', 159),
(160, 18, 'Question 160', 2, 'anecdote', 'wiki', 160),
(161,  6, 'Question 161', 2, 'anecdote', 'wiki', 161),
(162, 17, 'Question 162', 2, 'anecdote', 'wiki', 162),
(163, 17, 'Question 163', 2, 'anecdote', 'wiki', 163),
(164,  6, 'Question 164', 2, 'anecdote', 'wiki', 164),
(165, 18, 'Question 165', 2, 'anecdote', 'wiki', 165),
(166, 18, 'Question 166', 2, 'anecdote', 'wiki', 166),
(167, 17, 'Question 167', 2, 'anecdote', 'wiki', 167),
(168, 18, 'Question 168', 3, 'anecdote', 'wiki', 168),
(169,  6, 'Question 169', 3, 'anecdote', 'wiki', 169),
(170, 17, 'Question 170', 3, 'anecdote', 'wiki', 170),
(171, 18, 'Question 171', 3, 'anecdote', 'wiki', 171),
(172,  6, 'Question 172', 3, 'anecdote', 'wiki', 172),
(173,  6, 'Question 173', 3, 'anecdote', 'wiki', 173),
(174, 18, 'Question 174', 1, 'anecdote', 'wiki', 174),
(175, 17, 'Question 175', 1, 'anecdote', 'wiki', 175),
(176, 17, 'Question 176', 1, 'anecdote', 'wiki', 176),
(177, 17, 'Question 177', 1, 'anecdote', 'wiki', 177),
(178, 18, 'Question 178', 1, 'anecdote', 'wiki', 178),
(179,  6, 'Question 179', 1, 'anecdote', 'wiki', 179),
(180, 18, 'Question 180', 1, 'anecdote', 'wiki', 180);

INSERT INTO "tag" ("id", "name") VALUES
(1, 'Cinéma'),
(2, 'Technologie'),
(3, 'Gastronomie'),
(4, 'Littérature'),
(5, 'Histoire'),
(6, 'Animaux'),
(7, 'Nature'),
(8, 'Astronomie'),
(9, 'Géographie');

INSERT INTO "quiz_has_tag" ("quiz_id", "tag_id") VALUES
(1, 1),
(1, 6),
(2, 3),
(2, 7),
(2, 9),
(3, 2),
(4, 1),
(5, 3),
(6, 3),
(6, 9),
(7, 1),
(7, 6),
(8, 1),
(8, 6),
(9, 3),
(9, 5),
(9, 9),
(10, 3),
(11, 2),
(11, 5),
(12, 2),
(12, 5),
(13, 1),
(14, 1),
(15, 3),
(16, 3),
(17, 3),
(17, 9),
(18, 3);
--
-- ADD FOREIGN KEY
--
ALTER TABLE "answer"
	ADD FOREIGN KEY ("question_id") REFERENCES "question" ("id");
--
-- commits the current transaction
--
COMMIT;
--
--  initiates a transaction block
--
BEGIN;
--
-- Update the current value of each sequence
--
SELECT setval('level_id_seq', (SELECT MAX(id) from "level"));
SELECT setval('answer_id_seq', (SELECT MAX(id) from "answer"));
SELECT setval('user_id_seq', (SELECT MAX(id) from "user"));
SELECT setval('question_id_seq', (SELECT MAX(id) from "question"));
SELECT setval('quiz_id_seq', (SELECT MAX(id) from "quiz"));
SELECT setval('tag_id_seq', (SELECT MAX(id) from "tag"));

COMMIT;
